<?xml version="1.0" encoding="utf-8"?>
<odoo noupdate="1">

    <record id="payment_acquirer_kashier" model="payment.acquirer">
        <field name="name">kashier</field>
        <field name="provider">kashier</field>
        <field name="redirect_form_view_id" ref="redirect_form"/>
        <field name="support_authorization">False</field>
        <field name="support_fees_computation">False</field>
        <field name="support_refund"></field>
        <field name="support_tokenization">False</field>
   </record>

    <record id="payment_method_kashier" model="account.payment.method">
        <field name="name">Kashier</field>
        <field name="code">kashier</field>
        <field name="payment_type">inbound</field>
    </record>

</odoo>
